Name,Email,Username,Phone,Age,Address
Roger,Virgil.Cassin@yahoo.com,Bradley.Kertzmann6,427.687.5260 x63413,97,Palau
Cordie,Cecelia.Paucek61@yahoo.com,Mary.Schuppe,732-860-8839 x880,81,Lithuania
Brannon,Derrick.Von36@yahoo.com,Georgia.Davis,(952) 700-8515 x6243,74,Congo
Bernice,Armando.Kilback@gmail.com,Marion_Leuschke,376-523-0567 x518,81,Puerto Rico
Jesse,Bruce_Kuhic@hotmail.com,Rex_Little72,812.889.6265 x742,96,Slovenia
Margret,Adrianna_Jacobs@gmail.com,Brenda_Wiza,1-779-563-8891 x6398,74,Haiti
Luna,Ella.Bosco44@yahoo.com,Gracie_Lehner,871-405-8882,88,Bosnia and Herzegovina
Sheldon,Eileen_Schinner94@yahoo.com,Elvie.Kerluke-Toy,377-344-0992 x67569,81,Montenegro
Sergio,Ellen67@gmail.com,Kolby32,1-967-497-0879 x14632,72,North Macedonia
Sammy,Audrey90@yahoo.com,Marianne_OKon34,910-267-4349 x25921,96,Solomon Islands
Rashawn,Jules_Runolfsson-Ernser@yahoo.com,Taylor_Stamm14,948.685.7366,35,Lao People's Democratic Republic
Taya,Juan_Hudson8@gmail.com,Keaton.Morissette46,629-449-0999 x17838,26,Tunisia
Roselyn,Reggie_Gerhold67@hotmail.com,Mona.Bruen,801.417.1777,56,Eritrea
Nola,Ila_Powlowski@hotmail.com,Joaquin_Bergstrom53,(920) 296-3178 x240,44,Uruguay
Anthony,Edmond13@hotmail.com,Wilbert_Windler,(886) 289-4948 x86071,21,Jersey
Jany,Isaac0@hotmail.com,Emmet57,944-855-1124,51,Barbados
Kenny,Keshawn_Yost20@gmail.com,Doug28,606-805-2187 x877,28,Argentina
Lori,Leonard28@hotmail.com,Carlos5,526.806.2888 x866,68,"Bonaire, Sint Eustatius and Saba"
Shayna,Richard.Conroy73@yahoo.com,Crystal15,(741) 287-3852,76,Algeria
Kathleen,Erick_Bednar63@hotmail.com,Darla.Bednar,1-333-971-2922 x574,83,Algeria
